{
    "loss": 0.23308692872524261,
    "accuracy": 0.9137930870056152
}