{
    "loss": 0.2192748486995697,
    "accuracy": 0.9224137663841248
}